epoch,epoch_time,sampling_time,i_loss,n_loss,val_i_loss,val_kid,val_n_loss,,,,,,,,
0,111.2225366,2.215009689,0.424942553,0.212357923,2.453421593,0.545885026,0.790491879,,,,,,,,
1,43.76764011,2.186948538,0.28461054,0.167830616,2.219721317,0.549467027,0.724107921,,,,,,,,
2,43.82731342,2.231452227,0.272425056,0.161788031,1.71088779,0.548270106,0.598172188,,,,,,,,
3,44.97622275,2.196438074,0.26111716,0.157825559,1.30567801,0.512231886,0.456438452,,,,,,,,
4,45.02335668,2.209701061,0.258362353,0.155252174,0.915537953,0.478732854,0.337420523,,,,,,,,
5,44.93713379,2.202124834,0.255944997,0.153203741,0.620451927,0.474413693,0.253558278,,,,,,,,
6,44.92463779,2.196969986,0.253677428,0.15229322,0.451414824,0.339045852,0.201145723,,,,,,,,
7,44.96719575,2.188110113,0.249930307,0.151492193,0.34033969,0.235593602,0.173554584,,,,,,,,
8,46.03807068,2.218176126,0.248693913,0.15046899,0.288868636,0.169602796,0.158411905,,,,Average Sampling,,Average Training,,Min KID
9,45.31326246,2.21523428,0.248419866,0.149208605,0.259442776,0.113952659,0.151033163,,,,2.191747694,,44.42228404,,0.049473938
10,45.13612866,2.18926096,0.245388225,0.149296075,0.248541892,0.080535993,0.147666886,,,,,,,,
11,45.23092842,2.192893744,0.243168578,0.149140254,0.24024047,0.066417396,0.14555046,,,,,,,,
12,45.10196614,2.183639526,0.244891271,0.148493424,0.233755872,0.061847504,0.146942109,,,,,,,,
13,45.15363145,2.199038744,0.242864609,0.148199975,0.234753966,0.059665758,0.144613162,,,,,,,,
14,45.11393905,2.186124086,0.242851719,0.147479132,0.233508632,0.058493894,0.144093424,,,,,,,,
15,45.10435009,2.20086956,0.242661819,0.147411421,0.232810512,0.057446431,0.144754216,,,,,,,,
16,45.15176034,2.211200237,0.241230369,0.146703854,0.231677592,0.056742638,0.144179985,,,,,,,,
17,45.08937216,2.180017233,0.240428895,0.146993443,0.231733769,0.055312321,0.144468635,,,,,,,,
18,43.99922919,2.184340239,0.241550952,0.146010578,0.231503382,0.056049805,0.143865064,,,,,,,,
19,45.09085965,2.193640471,0.239136264,0.146467611,0.228909001,0.05511215,0.145797074,,,,,,,,
20,45.09703469,2.191439867,0.237651482,0.146438494,0.230579063,0.054778099,0.143251374,,,,,,,,
21,45.07244778,2.188657761,0.239786461,0.145957828,0.22968629,0.053693824,0.144750282,,,,,,,,
22,45.05037594,2.16992569,0.236828268,0.145975158,0.233603626,0.053183872,0.142870709,,,,,,,,
23,45.06082702,2.203301191,0.237904757,0.146009296,0.229016066,0.0519379,0.14340654,,,,,,,,
24,43.93785596,2.195064306,0.237945184,0.145333543,0.232076615,0.052656367,0.142928168,,,,,,,,
25,43.83315349,2.186949253,0.238674119,0.144725472,0.225757629,0.052474689,0.145144641,,,,,,,,
26,43.96791124,2.204355478,0.237111464,0.145434693,0.228160203,0.052557029,0.143723771,,,,,,,,
27,43.88512444,2.192975521,0.236623362,0.145008385,0.226799726,0.053608287,0.143907934,,,,,,,,
28,45.06972933,2.170135498,0.236557454,0.144430131,0.228968546,0.05283903,0.143244803,,,,,,,,
29,44.90229321,2.216159821,0.237023324,0.144826397,0.22939229,0.050805874,0.143341541,,,,,,,,
30,44.87252855,2.192256212,0.236803517,0.144368857,0.228823155,0.049535967,0.142662704,,,,,,,,
31,43.79736519,2.166009188,0.236351654,0.144714758,0.227273628,0.050032962,0.143900543,,,,,,,,
32,43.69315648,2.195086479,0.235119373,0.14454633,0.228794634,0.050155725,0.143161729,,,,,,,,
33,44.89095688,2.172296524,0.235000789,0.144351184,0.228979766,0.049473938,0.142426193,,,,,,,,
34,43.69595361,2.177191257,0.23512347,0.144157499,0.229263648,0.049974218,0.142223313,,,,,,,,
35,43.78175712,2.183362246,0.237239778,0.143243283,0.228350312,0.049521025,0.14248018,,,,,,,,
36,43.74118066,2.159686565,0.235935941,0.143665195,0.231379017,0.05152595,0.141292736,,,,,,,,
37,43.73042846,2.217942953,0.234710008,0.144216463,0.22845836,0.050281044,0.143392444,,,,,,,,
38,43.68729734,2.203690052,0.236048371,0.143086687,0.228512317,0.051234938,0.142860323,,,,,,,,
39,43.6793294,2.180636168,0.233690456,0.143701926,0.227623597,0.049765423,0.143371254,,,,,,,,
40,43.6777935,2.16618228,0.234803528,0.143405572,0.229454696,0.049826022,0.142817318,,,,,,,,
41,43.59825087,2.148746729,0.232878059,0.144163415,0.228410318,0.051579986,0.142799303,,,,,,,,
42,43.69847417,2.209148407,0.236431479,0.142570898,0.230240434,0.050934136,0.141993225,,,,,,,,
43,43.68037438,2.168958426,0.233867392,0.143424749,0.228187382,0.05006066,0.142647296,,,,,,,,
44,43.65754843,2.177504778,0.233757958,0.143101528,0.228088602,0.049597859,0.142321929,,,,,,,,
45,43.71888614,2.197571039,0.235477954,0.142195836,0.230332002,0.050359394,0.141562581,,,,,,,,
46,43.67378283,2.171951056,0.232863605,0.14325501,0.228434905,0.050018065,0.142630354,,,,,,,,
47,43.77441597,2.213396072,0.233060509,0.143401995,0.229221404,0.051726218,0.142275915,,,,,,,,
48,43.91220236,2.217155695,0.234687477,0.142560348,0.229745045,0.051099118,0.142167047,,,,,,,,
49,43.90648389,2.168458462,0.233616695,0.142426059,0.226857007,0.050692879,0.142623648,,,,,,,,
,,,,,,,,,,,,,,,
Make epoch time = training time,,,,,,,,,,,,,,,
,,,,,,,,,,,,,,,
Model built.,,,,,,,,,,,,,,,
Epoch 1/50,,,,,,,,,,,,,,,
511/511 ???????????????????? 0s 31ms/step - i_loss: 0.6954 - n_loss: 0.2874,,,,,,,,,,,,,,,
Sampling Time: 10.278163194656372,,,,,,,,,,,,,,,
,,,,,,,,,,,,,,,
Sampling Time: 2.2150096893310547,,,,,,,,,,,,,,,
Saved generated images to generated_images/epoch_000_20251129-182709.png,,,,,,,,,,,,,,,
Metrics saved to training_metrics.csv (Epoch time: 111.22s),,,,,,,,,,,,,,,
511/511 ???????????????????? 111s 166ms/step - i_loss: 0.6949 - n_loss: 0.2872 - val_i_loss: 2.4534 - val_kid: 0.5459 - val_n_loss: 0.7905,,,,,,,,,,,,,,,
Epoch 2/50,,,,,,,,,,,,,,,
511/511 ???????????????????? 0s 30ms/step - i_loss: 0.2923 - n_loss: 0.1706,,,,,,,,,,,,,,,
Sampling Time: 2.186948537826538,,,,,,,,,,,,,,,
Saved generated images to generated_images/epoch_001_20251129-182754.png,,,,,,,,,,,,,,,
Metrics saved to training_metrics.csv (Epoch time: 43.77s),,,,,,,,,,,,,,,
511/511 ???????????????????? 44s 86ms/step - i_loss: 0.2923 - n_loss: 0.1706 - val_i_loss: 2.2197 - val_kid: 0.5495 - val_n_loss: 0.7241,,,,,,,,,,,,,,,
Epoch 3/50,,,,,,,,,,,,,,,
511/511 ???????????????????? 0s 30ms/step - i_loss: 0.2742 - n_loss: 0.1625,,,,,,,,,,,,,,,
Sampling Time: 2.231452226638794,,,,,,,,,,,,,,,
Saved generated images to generated_images/epoch_002_20251129-182838.png,,,,,,,,,,,,,,,
Metrics saved to training_metrics.csv (Epoch time: 43.83s),,,,,,,,,,,,,,,
511/511 ???????????????????? 44s 86ms/step - i_loss: 0.2742 - n_loss: 0.1625 - val_i_loss: 1.7109 - val_kid: 0.5483 - val_n_loss: 0.5982,,,,,,,,,,,,,,,
Epoch 4/50,,,,,,,,,,,,,,,
511/511 ???????????????????? 0s 30ms/step - i_loss: 0.2637 - n_loss: 0.1586,,,,,,,,,,,,,,,
Sampling Time: 2.1964380741119385,,,,,,,,,,,,,,,
Saved generated images to generated_images/epoch_003_20251129-182921.png,,,,,,,,,,,,,,,
Metrics saved to training_metrics.csv (Epoch time: 44.98s),,,,,,,,,,,,,,,
511/511 ???????????????????? 45s 88ms/step - i_loss: 0.2637 - n_loss: 0.1586 - val_i_loss: 1.3057 - val_kid: 0.5122 - val_n_loss: 0.4564,,,,,,,,,,,,,,,
Epoch 5/50,,,,,,,,,,,,,,,
511/511 ???????????????????? 0s 30ms/step - i_loss: 0.2605 - n_loss: 0.1561,,,,,,,,,,,,,,,
Sampling Time: 2.2097010612487793,,,,,,,,,,,,,,,
Saved generated images to generated_images/epoch_004_20251129-183007.png,,,,,,,,,,,,,,,
Metrics saved to training_metrics.csv (Epoch time: 45.02s),,,,,,,,,,,,,,,
511/511 ???????????????????? 45s 88ms/step - i_loss: 0.2605 - n_loss: 0.1561 - val_i_loss: 0.9155 - val_kid: 0.4787 - val_n_loss: 0.3374,,,,,,,,,,,,,,,
Epoch 6/50,,,,,,,,,,,,,,,
511/511 ???????????????????? 0s 30ms/step - i_loss: 0.2571 - n_loss: 0.1537,,,,,,,,,,,,,,,
Sampling Time: 2.202124834060669,,,,,,,,,,,,,,,
Saved generated images to generated_images/epoch_005_20251129-183051.png,,,,,,,,,,,,,,,
Metrics saved to training_metrics.csv (Epoch time: 44.94s),,,,,,,,,,,,,,,
511/511 ???????????????????? 45s 88ms/step - i_loss: 0.2571 - n_loss: 0.1537 - val_i_loss: 0.6205 - val_kid: 0.4744 - val_n_loss: 0.2536,,,,,,,,,,,,,,,
Epoch 7/50,,,,,,,,,,,,,,,
511/511 ???????????????????? 0s 30ms/step - i_loss: 0.2538 - n_loss: 0.1528,,,,,,,,,,,,,,,
Sampling Time: 2.196969985961914,,,,,,,,,,,,,,,
Saved generated images to generated_images/epoch_006_20251129-183136.png,,,,,,,,,,,,,,,
Metrics saved to training_metrics.csv (Epoch time: 44.92s),,,,,,,,,,,,,,,
511/511 ???????????????????? 45s 88ms/step - i_loss: 0.2538 - n_loss: 0.1528 - val_i_loss: 0.4514 - val_kid: 0.3390 - val_n_loss: 0.2011,,,,,,,,,,,,,,,
Epoch 8/50,,,,,,,,,,,,,,,
511/511 ???????????????????? 0s 30ms/step - i_loss: 0.2504 - n_loss: 0.1521,,,,,,,,,,,,,,,
Sampling Time: 2.188110113143921,,,,,,,,,,,,,,,
Saved generated images to generated_images/epoch_007_20251129-183221.png,,,,,,,,,,,,,,,
Metrics saved to training_metrics.csv (Epoch time: 44.97s),,,,,,,,,,,,,,,
511/511 ???????????????????? 45s 88ms/step - i_loss: 0.2504 - n_loss: 0.1521 - val_i_loss: 0.3403 - val_kid: 0.2356 - val_n_loss: 0.1736,,,,,,,,,,,,,,,
Epoch 9/50,,,,,,,,,,,,,,,
511/511 ???????????????????? 0s 30ms/step - i_loss: 0.2483 - n_loss: 0.1509,,,,,,,,,,,,,,,
Sampling Time: 2.2181761264801025,,,,,,,,,,,,,,,
Saved generated images to generated_images/epoch_008_20251129-183307.png,,,,,,,,,,,,,,,
Metrics saved to training_metrics.csv (Epoch time: 46.04s),,,,,,,,,,,,,,,
511/511 ???????????????????? 46s 90ms/step - i_loss: 0.2483 - n_loss: 0.1509 - val_i_loss: 0.2889 - val_kid: 0.1696 - val_n_loss: 0.1584,,,,,,,,,,,,,,,
Epoch 10/50,,,,,,,,,,,,,,,
511/511 ???????????????????? 0s 31ms/step - i_loss: 0.2472 - n_loss: 0.1500,,,,,,,,,,,,,,,
Sampling Time: 2.2152342796325684,,,,,,,,,,,,,,,
Saved generated images to generated_images/epoch_009_20251129-183353.png,,,,,,,,,,,,,,,
Metrics saved to training_metrics.csv (Epoch time: 45.31s),,,,,,,,,,,,,,,
511/511 ???????????????????? 45s 89ms/step - i_loss: 0.2472 - n_loss: 0.1500 - val_i_loss: 0.2594 - val_kid: 0.1140 - val_n_loss: 0.1510,,,,,,,,,,,,,,,
Epoch 11/50,,,,,,,,,,,,,,,
511/511 ???????????????????? 0s 30ms/step - i_loss: 0.2470 - n_loss: 0.1492,,,,,,,,,,,,,,,
Sampling Time: 2.189260959625244,,,,,,,,,,,,,,,
Saved generated images to generated_images/epoch_010_20251129-183438.png,,,,,,,,,,,,,,,
Metrics saved to training_metrics.csv (Epoch time: 45.14s),,,,,,,,,,,,,,,
511/511 ???????????????????? 45s 88ms/step - i_loss: 0.2470 - n_loss: 0.1492 - val_i_loss: 0.2485 - val_kid: 0.0805 - val_n_loss: 0.1477,,,,,,,,,,,,,,,
Epoch 12/50,,,,,,,,,,,,,,,
511/511 ???????????????????? 0s 31ms/step - i_loss: 0.2437 - n_loss: 0.1490,,,,,,,,,,,,,,,
Sampling Time: 2.1928937435150146,,,,,,,,,,,,,,,
Saved generated images to generated_images/epoch_011_20251129-183523.png,,,,,,,,,,,,,,,
Metrics saved to training_metrics.csv (Epoch time: 45.23s),,,,,,,,,,,,,,,
511/511 ???????????????????? 45s 89ms/step - i_loss: 0.2437 - n_loss: 0.1490 - val_i_loss: 0.2402 - val_kid: 0.0664 - val_n_loss: 0.1456,,,,,,,,,,,,,,,
Epoch 13/50,,,,,,,,,,,,,,,
511/511 ???????????????????? 0s 30ms/step - i_loss: 0.2451 - n_loss: 0.1486,,,,,,,,,,,,,,,
Sampling Time: 2.1836395263671875,,,,,,,,,,,,,,,
Saved generated images to generated_images/epoch_012_20251129-183608.png,,,,,,,,,,,,,,,
Metrics saved to training_metrics.csv (Epoch time: 45.10s),,,,,,,,,,,,,,,
511/511 ???????????????????? 45s 88ms/step - i_loss: 0.2451 - n_loss: 0.1486 - val_i_loss: 0.2338 - val_kid: 0.0618 - val_n_loss: 0.1469,,,,,,,,,,,,,,,
Epoch 14/50,,,,,,,,,,,,,,,
511/511 ???????????????????? 0s 31ms/step - i_loss: 0.2437 - n_loss: 0.1482,,,,,,,,,,,,,,,
Sampling Time: 2.1990387439727783,,,,,,,,,,,,,,,
Saved generated images to generated_images/epoch_013_20251129-183653.png,,,,,,,,,,,,,,,
Metrics saved to training_metrics.csv (Epoch time: 45.15s),,,,,,,,,,,,,,,
511/511 ???????????????????? 45s 88ms/step - i_loss: 0.2437 - n_loss: 0.1482 - val_i_loss: 0.2348 - val_kid: 0.0597 - val_n_loss: 0.1446,,,,,,,,,,,,,,,
Epoch 15/50,,,,,,,,,,,,,,,
511/511 ???????????????????? 0s 30ms/step - i_loss: 0.2427 - n_loss: 0.1477,,,,,,,,,,,,,,,
Sampling Time: 2.186124086380005,,,,,,,,,,,,,,,
Saved generated images to generated_images/epoch_014_20251129-183739.png,,,,,,,,,,,,,,,
Metrics saved to training_metrics.csv (Epoch time: 45.11s),,,,,,,,,,,,,,,
511/511 ???????????????????? 45s 88ms/step - i_loss: 0.2427 - n_loss: 0.1477 - val_i_loss: 0.2335 - val_kid: 0.0585 - val_n_loss: 0.1441,,,,,,,,,,,,,,,
Epoch 16/50,,,,,,,,,,,,,,,
511/511 ???????????????????? 0s 30ms/step - i_loss: 0.2435 - n_loss: 0.1478,,,,,,,,,,,,,,,
Sampling Time: 2.200869560241699,,,,,,,,,,,,,,,
Saved generated images to generated_images/epoch_015_20251129-183824.png,,,,,,,,,,,,,,,
Metrics saved to training_metrics.csv (Epoch time: 45.10s),,,,,,,,,,,,,,,
511/511 ???????????????????? 45s 88ms/step - i_loss: 0.2435 - n_loss: 0.1478 - val_i_loss: 0.2328 - val_kid: 0.0574 - val_n_loss: 0.1448,,,,,,,,,,,,,,,
Epoch 17/50,,,,,,,,,,,,,,,
511/511 ???????????????????? 0s 30ms/step - i_loss: 0.2414 - n_loss: 0.1470,,,,,,,,,,,,,,,
Sampling Time: 2.21120023727417,,,,,,,,,,,,,,,
Saved generated images to generated_images/epoch_016_20251129-183909.png,,,,,,,,,,,,,,,
Metrics saved to training_metrics.csv (Epoch time: 45.15s),,,,,,,,,,,,,,,
511/511 ???????????????????? 45s 88ms/step - i_loss: 0.2414 - n_loss: 0.1470 - val_i_loss: 0.2317 - val_kid: 0.0567 - val_n_loss: 0.1442,,,,,,,,,,,,,,,
Epoch 18/50,,,,,,,,,,,,,,,
511/511 ???????????????????? 0s 30ms/step - i_loss: 0.2395 - n_loss: 0.1473,,,,,,,,,,,,,,,
Sampling Time: 2.1800172328948975,,,,,,,,,,,,,,,
Saved generated images to generated_images/epoch_017_20251129-183954.png,,,,,,,,,,,,,,,
Metrics saved to training_metrics.csv (Epoch time: 45.09s),,,,,,,,,,,,,,,
511/511 ???????????????????? 45s 88ms/step - i_loss: 0.2395 - n_loss: 0.1473 - val_i_loss: 0.2317 - val_kid: 0.0553 - val_n_loss: 0.1445,,,,,,,,,,,,,,,
Epoch 19/50,,,,,,,,,,,,,,,
511/511 ???????????????????? 0s 31ms/step - i_loss: 0.2432 - n_loss: 0.1458,,,,,,,,,,,,,,,
Sampling Time: 2.184340238571167,,,,,,,,,,,,,,,
Saved generated images to generated_images/epoch_018_20251129-184039.png,,,,,,,,,,,,,,,
Metrics saved to training_metrics.csv (Epoch time: 44.00s),,,,,,,,,,,,,,,
511/511 ???????????????????? 44s 86ms/step - i_loss: 0.2432 - n_loss: 0.1458 - val_i_loss: 0.2315 - val_kid: 0.0560 - val_n_loss: 0.1439,,,,,,,,,,,,,,,
Epoch 20/50,,,,,,,,,,,,,,,
511/511 ???????????????????? 0s 31ms/step - i_loss: 0.2396 - n_loss: 0.1466,,,,,,,,,,,,,,,
Sampling Time: 2.1936404705047607,,,,,,,,,,,,,,,
Saved generated images to generated_images/epoch_019_20251129-184123.png,,,,,,,,,,,,,,,
Metrics saved to training_metrics.csv (Epoch time: 45.09s),,,,,,,,,,,,,,,
511/511 ???????????????????? 45s 88ms/step - i_loss: 0.2396 - n_loss: 0.1466 - val_i_loss: 0.2289 - val_kid: 0.0551 - val_n_loss: 0.1458,,,,,,,,,,,,,,,
Epoch 21/50,,,,,,,,,,,,,,,
511/511 ???????????????????? 0s 30ms/step - i_loss: 0.2386 - n_loss: 0.1460,,,,,,,,,,,,,,,
Sampling Time: 2.1914398670196533,,,,,,,,,,,,,,,
Saved generated images to generated_images/epoch_020_20251129-184208.png,,,,,,,,,,,,,,,
Metrics saved to training_metrics.csv (Epoch time: 45.10s),,,,,,,,,,,,,,,
511/511 ???????????????????? 45s 88ms/step - i_loss: 0.2386 - n_loss: 0.1460 - val_i_loss: 0.2306 - val_kid: 0.0548 - val_n_loss: 0.1433,,,,,,,,,,,,,,,
Epoch 22/50,,,,,,,,,,,,,,,
511/511 ???????????????????? 0s 30ms/step - i_loss: 0.2406 - n_loss: 0.1459,,,,,,,,,,,,,,,
Sampling Time: 2.188657760620117,,,,,,,,,,,,,,,
Saved generated images to generated_images/epoch_021_20251129-184253.png,,,,,,,,,,,,,,,
Metrics saved to training_metrics.csv (Epoch time: 45.07s),,,,,,,,,,,,,,,
511/511 ???????????????????? 45s 88ms/step - i_loss: 0.2406 - n_loss: 0.1459 - val_i_loss: 0.2297 - val_kid: 0.0537 - val_n_loss: 0.1448,,,,,,,,,,,,,,,
Epoch 23/50,,,,,,,,,,,,,,,
511/511 ???????????????????? 0s 30ms/step - i_loss: 0.2381 - n_loss: 0.1455,,,,,,,,,,,,,,,
Sampling Time: 2.1699256896972656,,,,,,,,,,,,,,,
Saved generated images to generated_images/epoch_022_20251129-184338.png,,,,,,,,,,,,,,,
Metrics saved to training_metrics.csv (Epoch time: 45.05s),,,,,,,,,,,,,,,
511/511 ???????????????????? 45s 88ms/step - i_loss: 0.2381 - n_loss: 0.1455 - val_i_loss: 0.2336 - val_kid: 0.0532 - val_n_loss: 0.1429,,,,,,,,,,,,,,,
Epoch 24/50,,,,,,,,,,,,,,,
511/511 ???????????????????? 0s 30ms/step - i_loss: 0.2380 - n_loss: 0.1461,,,,,,,,,,,,,,,
Sampling Time: 2.203301191329956,,,,,,,,,,,,,,,
Saved generated images to generated_images/epoch_023_20251129-184423.png,,,,,,,,,,,,,,,
Metrics saved to training_metrics.csv (Epoch time: 45.06s),,,,,,,,,,,,,,,
511/511 ???????????????????? 45s 88ms/step - i_loss: 0.2380 - n_loss: 0.1461 - val_i_loss: 0.2290 - val_kid: 0.0519 - val_n_loss: 0.1434,,,,,,,,,,,,,,,
Epoch 25/50,,,,,,,,,,,,,,,
511/511 ???????????????????? 0s 30ms/step - i_loss: 0.2383 - n_loss: 0.1451,,,,,,,,,,,,,,,
Sampling Time: 2.1950643062591553,,,,,,,,,,,,,,,
Saved generated images to generated_images/epoch_024_20251129-184508.png,,,,,,,,,,,,,,,
Metrics saved to training_metrics.csv (Epoch time: 43.94s),,,,,,,,,,,,,,,
511/511 ???????????????????? 44s 86ms/step - i_loss: 0.2383 - n_loss: 0.1451 - val_i_loss: 0.2321 - val_kid: 0.0527 - val_n_loss: 0.1429,,,,,,,,,,,,,,,
Epoch 26/50,,,,,,,,,,,,,,,
511/511 ???????????????????? 0s 30ms/step - i_loss: 0.2378 - n_loss: 0.1455,,,,,,,,,,,,,,,
Sampling Time: 2.1869492530822754,,,,,,,,,,,,,,,
Saved generated images to generated_images/epoch_025_20251129-184552.png,,,,,,,,,,,,,,,
Metrics saved to training_metrics.csv (Epoch time: 43.83s),,,,,,,,,,,,,,,
511/511 ???????????????????? 44s 86ms/step - i_loss: 0.2378 - n_loss: 0.1455 - val_i_loss: 0.2258 - val_kid: 0.0525 - val_n_loss: 0.1451,,,,,,,,,,,,,,,
Epoch 27/50,,,,,,,,,,,,,,,
511/511 ???????????????????? 0s 30ms/step - i_loss: 0.2381 - n_loss: 0.1457,,,,,,,,,,,,,,,
Sampling Time: 2.204355478286743,,,,,,,,,,,,,,,
Saved generated images to generated_images/epoch_026_20251129-184636.png,,,,,,,,,,,,,,,
Metrics saved to training_metrics.csv (Epoch time: 43.97s),,,,,,,,,,,,,,,
511/511 ???????????????????? 44s 86ms/step - i_loss: 0.2381 - n_loss: 0.1457 - val_i_loss: 0.2282 - val_kid: 0.0526 - val_n_loss: 0.1437,,,,,,,,,,,,,,,
Epoch 28/50,,,,,,,,,,,,,,,
511/511 ???????????????????? 0s 30ms/step - i_loss: 0.2361 - n_loss: 0.1456,,,,,,,,,,,,,,,
Sampling Time: 2.1929755210876465,,,,,,,,,,,,,,,
Saved generated images to generated_images/epoch_027_20251129-184720.png,,,,,,,,,,,,,,,
Metrics saved to training_metrics.csv (Epoch time: 43.89s),,,,,,,,,,,,,,,
511/511 ???????????????????? 44s 86ms/step - i_loss: 0.2361 - n_loss: 0.1456 - val_i_loss: 0.2268 - val_kid: 0.0536 - val_n_loss: 0.1439,,,,,,,,,,,,,,,
Epoch 29/50,,,,,,,,,,,,,,,
511/511 ???????????????????? 0s 30ms/step - i_loss: 0.2354 - n_loss: 0.1457,,,,,,,,,,,,,,,
Sampling Time: 2.170135498046875,,,,,,,,,,,,,,,
Saved generated images to generated_images/epoch_028_20251129-184805.png,,,,,,,,,,,,,,,
Metrics saved to training_metrics.csv (Epoch time: 45.07s),,,,,,,,,,,,,,,
511/511 ???????????????????? 45s 88ms/step - i_loss: 0.2354 - n_loss: 0.1457 - val_i_loss: 0.2290 - val_kid: 0.0528 - val_n_loss: 0.1432,,,,,,,,,,,,,,,
Epoch 30/50,,,,,,,,,,,,,,,
511/511 ???????????????????? 0s 30ms/step - i_loss: 0.2378 - n_loss: 0.1446,,,,,,,,,,,,,,,
Sampling Time: 2.2161598205566406,,,,,,,,,,,,,,,
Saved generated images to generated_images/epoch_029_20251129-184849.png,,,,,,,,,,,,,,,
Metrics saved to training_metrics.csv (Epoch time: 44.90s),,,,,,,,,,,,,,,
511/511 ???????????????????? 45s 88ms/step - i_loss: 0.2378 - n_loss: 0.1446 - val_i_loss: 0.2294 - val_kid: 0.0508 - val_n_loss: 0.1433,,,,,,,,,,,,,,,
Epoch 31/50,,,,,,,,,,,,,,,
511/511 ???????????????????? 0s 30ms/step - i_loss: 0.2377 - n_loss: 0.1443,,,,,,,,,,,,,,,
Sampling Time: 2.192256212234497,,,,,,,,,,,,,,,
Saved generated images to generated_images/epoch_030_20251129-184934.png,,,,,,,,,,,,,,,
Metrics saved to training_metrics.csv (Epoch time: 44.87s),,,,,,,,,,,,,,,
511/511 ???????????????????? 45s 88ms/step - i_loss: 0.2377 - n_loss: 0.1443 - val_i_loss: 0.2288 - val_kid: 0.0495 - val_n_loss: 0.1427,,,,,,,,,,,,,,,
Epoch 32/50,,,,,,,,,,,,,,,
511/511 ???????????????????? 0s 30ms/step - i_loss: 0.2362 - n_loss: 0.1450,,,,,,,,,,,,,,,
Sampling Time: 2.1660091876983643,,,,,,,,,,,,,,,
Saved generated images to generated_images/epoch_031_20251129-185019.png,,,,,,,,,,,,,,,
Metrics saved to training_metrics.csv (Epoch time: 43.80s),,,,,,,,,,,,,,,
511/511 ???????????????????? 44s 86ms/step - i_loss: 0.2362 - n_loss: 0.1450 - val_i_loss: 0.2273 - val_kid: 0.0500 - val_n_loss: 0.1439,,,,,,,,,,,,,,,
Epoch 33/50,,,,,,,,,,,,,,,
511/511 ???????????????????? 0s 30ms/step - i_loss: 0.2360 - n_loss: 0.1445,,,,,,,,,,,,,,,
Sampling Time: 2.1950864791870117,,,,,,,,,,,,,,,
Saved generated images to generated_images/epoch_032_20251129-185103.png,,,,,,,,,,,,,,,
Metrics saved to training_metrics.csv (Epoch time: 43.69s),,,,,,,,,,,,,,,
511/511 ???????????????????? 44s 86ms/step - i_loss: 0.2360 - n_loss: 0.1445 - val_i_loss: 0.2288 - val_kid: 0.0502 - val_n_loss: 0.1432,,,,,,,,,,,,,,,
Epoch 34/50,,,,,,,,,,,,,,,
511/511 ???????????????????? 0s 30ms/step - i_loss: 0.2350 - n_loss: 0.1446,,,,,,,,,,,,,,,
Sampling Time: 2.1722965240478516,,,,,,,,,,,,,,,
Saved generated images to generated_images/epoch_033_20251129-185146.png,,,,,,,,,,,,,,,
Metrics saved to training_metrics.csv (Epoch time: 44.89s),,,,,,,,,,,,,,,
511/511 ???????????????????? 45s 88ms/step - i_loss: 0.2350 - n_loss: 0.1446 - val_i_loss: 0.2290 - val_kid: 0.0495 - val_n_loss: 0.1424,,,,,,,,,,,,,,,
Epoch 35/50,,,,,,,,,,,,,,,
511/511 ???????????????????? 0s 30ms/step - i_loss: 0.2350 - n_loss: 0.1444,,,,,,,,,,,,,,,
Sampling Time: 2.1771912574768066,,,,,,,,,,,,,,,
Saved generated images to generated_images/epoch_034_20251129-185231.png,,,,,,,,,,,,,,,
Metrics saved to training_metrics.csv (Epoch time: 43.70s),,,,,,,,,,,,,,,
511/511 ???????????????????? 44s 86ms/step - i_loss: 0.2350 - n_loss: 0.1444 - val_i_loss: 0.2293 - val_kid: 0.0500 - val_n_loss: 0.1422,,,,,,,,,,,,,,,
Epoch 36/50,,,,,,,,,,,,,,,
511/511 ???????????????????? 0s 30ms/step - i_loss: 0.2359 - n_loss: 0.1443,,,,,,,,,,,,,,,
Sampling Time: 2.1833622455596924,,,,,,,,,,,,,,,
Saved generated images to generated_images/epoch_035_20251129-185315.png,,,,,,,,,,,,,,,
Metrics saved to training_metrics.csv (Epoch time: 43.78s),,,,,,,,,,,,,,,
511/511 ???????????????????? 44s 86ms/step - i_loss: 0.2359 - n_loss: 0.1443 - val_i_loss: 0.2284 - val_kid: 0.0495 - val_n_loss: 0.1425,,,,,,,,,,,,,,,
Epoch 37/50,,,,,,,,,,,,,,,
511/511 ???????????????????? 0s 30ms/step - i_loss: 0.2372 - n_loss: 0.1438,,,,,,,,,,,,,,,
Sampling Time: 2.15968656539917,,,,,,,,,,,,,,,
Saved generated images to generated_images/epoch_036_20251129-185359.png,,,,,,,,,,,,,,,
Metrics saved to training_metrics.csv (Epoch time: 43.74s),,,,,,,,,,,,,,,
511/511 ???????????????????? 44s 86ms/step - i_loss: 0.2372 - n_loss: 0.1438 - val_i_loss: 0.2314 - val_kid: 0.0515 - val_n_loss: 0.1413,,,,,,,,,,,,,,,
Epoch 38/50,,,,,,,,,,,,,,,
511/511 ???????????????????? 0s 30ms/step - i_loss: 0.2341 - n_loss: 0.1449,,,,,,,,,,,,,,,
Sampling Time: 2.217942953109741,,,,,,,,,,,,,,,
Saved generated images to generated_images/epoch_037_20251129-185442.png,,,,,,,,,,,,,,,
Metrics saved to training_metrics.csv (Epoch time: 43.73s),,,,,,,,,,,,,,,
511/511 ???????????????????? 44s 86ms/step - i_loss: 0.2341 - n_loss: 0.1449 - val_i_loss: 0.2285 - val_kid: 0.0503 - val_n_loss: 0.1434,,,,,,,,,,,,,,,
Epoch 39/50,,,,,,,,,,,,,,,
511/511 ???????????????????? 0s 30ms/step - i_loss: 0.2356 - n_loss: 0.1435,,,,,,,,,,,,,,,
Sampling Time: 2.2036900520324707,,,,,,,,,,,,,,,
Saved generated images to generated_images/epoch_038_20251129-185526.png,,,,,,,,,,,,,,,
Metrics saved to training_metrics.csv (Epoch time: 43.69s),,,,,,,,,,,,,,,
511/511 ???????????????????? 44s 86ms/step - i_loss: 0.2356 - n_loss: 0.1435 - val_i_loss: 0.2285 - val_kid: 0.0512 - val_n_loss: 0.1429,,,,,,,,,,,,,,,
Epoch 40/50,,,,,,,,,,,,,,,
511/511 ???????????????????? 0s 30ms/step - i_loss: 0.2338 - n_loss: 0.1438,,,,,,,,,,,,,,,
Sampling Time: 2.180636167526245,,,,,,,,,,,,,,,
Saved generated images to generated_images/epoch_039_20251129-185610.png,,,,,,,,,,,,,,,
Metrics saved to training_metrics.csv (Epoch time: 43.68s),,,,,,,,,,,,,,,
511/511 ???????????????????? 44s 86ms/step - i_loss: 0.2338 - n_loss: 0.1438 - val_i_loss: 0.2276 - val_kid: 0.0498 - val_n_loss: 0.1434,,,,,,,,,,,,,,,
Epoch 41/50,,,,,,,,,,,,,,,
511/511 ???????????????????? 0s 30ms/step - i_loss: 0.2346 - n_loss: 0.1439,,,,,,,,,,,,,,,
Sampling Time: 2.166182279586792,,,,,,,,,,,,,,,
Saved generated images to generated_images/epoch_040_20251129-185653.png,,,,,,,,,,,,,,,
Metrics saved to training_metrics.csv (Epoch time: 43.68s),,,,,,,,,,,,,,,
511/511 ???????????????????? 44s 86ms/step - i_loss: 0.2346 - n_loss: 0.1439 - val_i_loss: 0.2295 - val_kid: 0.0498 - val_n_loss: 0.1428,,,,,,,,,,,,,,,
Epoch 42/50,,,,,,,,,,,,,,,
511/511 ???????????????????? 0s 30ms/step - i_loss: 0.2328 - n_loss: 0.1446,,,,,,,,,,,,,,,
Sampling Time: 2.1487467288970947,,,,,,,,,,,,,,,
Saved generated images to generated_images/epoch_041_20251129-185737.png,,,,,,,,,,,,,,,
Metrics saved to training_metrics.csv (Epoch time: 43.60s),,,,,,,,,,,,,,,
511/511 ???????????????????? 44s 85ms/step - i_loss: 0.2328 - n_loss: 0.1446 - val_i_loss: 0.2284 - val_kid: 0.0516 - val_n_loss: 0.1428,,,,,,,,,,,,,,,
Epoch 43/50,,,,,,,,,,,,,,,
511/511 ???????????????????? 0s 30ms/step - i_loss: 0.2381 - n_loss: 0.1423,,,,,,,,,,,,,,,
Sampling Time: 2.209148406982422,,,,,,,,,,,,,,,
Saved generated images to generated_images/epoch_042_20251129-185821.png,,,,,,,,,,,,,,,
Metrics saved to training_metrics.csv (Epoch time: 43.70s),,,,,,,,,,,,,,,
511/511 ???????????????????? 44s 86ms/step - i_loss: 0.2381 - n_loss: 0.1423 - val_i_loss: 0.2302 - val_kid: 0.0509 - val_n_loss: 0.1420,,,,,,,,,,,,,,,
Epoch 44/50,,,,,,,,,,,,,,,
511/511 ???????????????????? 0s 30ms/step - i_loss: 0.2337 - n_loss: 0.1437,,,,,,,,,,,,,,,
Sampling Time: 2.1689584255218506,,,,,,,,,,,,,,,
Saved generated images to generated_images/epoch_043_20251129-185904.png,,,,,,,,,,,,,,,
Metrics saved to training_metrics.csv (Epoch time: 43.68s),,,,,,,,,,,,,,,
511/511 ???????????????????? 44s 86ms/step - i_loss: 0.2337 - n_loss: 0.1437 - val_i_loss: 0.2282 - val_kid: 0.0501 - val_n_loss: 0.1426,,,,,,,,,,,,,,,
Epoch 45/50,,,,,,,,,,,,,,,
511/511 ???????????????????? 0s 30ms/step - i_loss: 0.2347 - n_loss: 0.1433,,,,,,,,,,,,,,,
Sampling Time: 2.177504777908325,,,,,,,,,,,,,,,
Saved generated images to generated_images/epoch_044_20251129-185948.png,,,,,,,,,,,,,,,
Metrics saved to training_metrics.csv (Epoch time: 43.66s),,,,,,,,,,,,,,,
511/511 ???????????????????? 44s 86ms/step - i_loss: 0.2347 - n_loss: 0.1433 - val_i_loss: 0.2281 - val_kid: 0.0496 - val_n_loss: 0.1423,,,,,,,,,,,,,,,
Epoch 46/50,,,,,,,,,,,,,,,
511/511 ???????????????????? 0s 30ms/step - i_loss: 0.2363 - n_loss: 0.1428,,,,,,,,,,,,,,,
Sampling Time: 2.197571039199829,,,,,,,,,,,,,,,
Saved generated images to generated_images/epoch_045_20251129-190032.png,,,,,,,,,,,,,,,
Metrics saved to training_metrics.csv (Epoch time: 43.72s),,,,,,,,,,,,,,,
511/511 ???????????????????? 44s 86ms/step - i_loss: 0.2363 - n_loss: 0.1428 - val_i_loss: 0.2303 - val_kid: 0.0504 - val_n_loss: 0.1416,,,,,,,,,,,,,,,
Epoch 47/50,,,,,,,,,,,,,,,
511/511 ???????????????????? 0s 30ms/step - i_loss: 0.2335 - n_loss: 0.1431,,,,,,,,,,,,,,,
Sampling Time: 2.1719510555267334,,,,,,,,,,,,,,,
Saved generated images to generated_images/epoch_046_20251129-190116.png,,,,,,,,,,,,,,,
Metrics saved to training_metrics.csv (Epoch time: 43.67s),,,,,,,,,,,,,,,
511/511 ???????????????????? 44s 86ms/step - i_loss: 0.2335 - n_loss: 0.1431 - val_i_loss: 0.2284 - val_kid: 0.0500 - val_n_loss: 0.1426,,,,,,,,,,,,,,,
Epoch 48/50,,,,,,,,,,,,,,,
511/511 ???????????????????? 0s 30ms/step - i_loss: 0.2349 - n_loss: 0.1431,,,,,,,,,,,,,,,
Sampling Time: 2.2133960723876953,,,,,,,,,,,,,,,
Saved generated images to generated_images/epoch_047_20251129-190159.png,,,,,,,,,,,,,,,
Metrics saved to training_metrics.csv (Epoch time: 43.77s),,,,,,,,,,,,,,,
511/511 ???????????????????? 44s 86ms/step - i_loss: 0.2349 - n_loss: 0.1431 - val_i_loss: 0.2292 - val_kid: 0.0517 - val_n_loss: 0.1423,,,,,,,,,,,,,,,
Epoch 49/50,,,,,,,,,,,,,,,
511/511 ???????????????????? 0s 30ms/step - i_loss: 0.2356 - n_loss: 0.1425,,,,,,,,,,,,,,,
Sampling Time: 2.217155694961548,,,,,,,,,,,,,,,
Saved generated images to generated_images/epoch_048_20251129-190243.png,,,,,,,,,,,,,,,
Metrics saved to training_metrics.csv (Epoch time: 43.91s),,,,,,,,,,,,,,,
511/511 ???????????????????? 44s 86ms/step - i_loss: 0.2356 - n_loss: 0.1425 - val_i_loss: 0.2297 - val_kid: 0.0511 - val_n_loss: 0.1422,,,,,,,,,,,,,,,
Epoch 50/50,,,,,,,,,,,,,,,
511/511 ???????????????????? 0s 31ms/step - i_loss: 0.2353 - n_loss: 0.1418,,,,,,,,,,,,,,,
Sampling Time: 2.1684584617614746,,,,,,,,,,,,,,,
Saved generated images to generated_images/epoch_049_20251129-190327.png,,,,,,,,,,,,,,,
Metrics saved to training_metrics.csv (Epoch time: 43.91s),,,,,,,,,,,,,,,
511/511 ???????????????????? 44s 86ms/step - i_loss: 0.2353 - n_loss: 0.1418 - val_i_loss: 0.2269 - val_kid: 0.0507 - val_n_loss: 0.1426,,,,,,,,,,,,,,,
,,,,,,,,,,,,,,,
<keras.src.callbacks.history.History at 0x7b6241806fc0>,,,,,,,,,,,,,,,
